spkid,full_name,diameter,name,velocity,energy,per,moid,pdes,prefix,neo,pha,sats,H,G,M1,M2,K1,K2,PC,extent,albedo,rot_per,GM,BV,UB,IR,spec_B,spec_T,H_sigma,diameter_sigma,orbit_id,epoch,epoch_mjd,epoch_cal,equinox,e,a,q,i,om,w,ma,ad,n,tp,tp_cal,per_y,moid_ld,moid_jup,t_jup,sigma_e,sigma_a,sigma_q,sigma_i,sigma_om,sigma_w,sigma_ma,sigma_ad,sigma_n,sigma_tp,sigma_per,class,producer,data_arc,first_obs,last_obs,n_obs_used,n_del_obs_used,n_dop_obs_used,condition_code,rms,two_body,A1,A1_sigma,A2,A2_sigma,A3,A3_sigma,DT,DT_sigma
20482111,482111 (2010 NT1),0.383,,24.665731145714908,2.684566646315614e+19,643,0.205,482111,,Y,N,0,19.43,,,,,,,,0.209,,,,,,,,,0.06,43,2461000.5,61000,2025-11-21.0,J2000,0.2179,1.458,1.141,39.53,283.25,306.32,282.00,1.78,0.5596,2461139.87,2026-04-09.3,1.76,79.9,3.48,4.37,1.2e-07,9.4e-09,1.8e-07,1.9e-05,9.3e-06,4.0e-05,5.2e-05,1.1e-08,5.4e-09,9.4e-05,6.2e-06,AMO,Otto Matic,4984,2010-07-01,2024-02-22,150,,,0,.49931,,,,,,,,,
20033342, 33342 (1998 WT24),0.432,,35.13168118852378,7.815180046589087e+19,223,0.0105,33342,,Y,Y,0,18.02,,,,,,,,0.654,3.697,,,,,,,,0.03,215,2461000.5,61000,2025-11-21.0,J2000,0.4177,0.7187,0.419,7.37,81.66,167.52,314.57,1.02,1.618,2461028.59,2025-12-19.0,0.609,4.07,4,7.91,2.2e-09,3.4e-10,1.5e-09,2.9e-07,8.6e-07,5.7e-07,2.6e-06,4.8e-10,1.1e-09,1.6e-06,1.6e-07,ATE,Otto Matic,9571,1998-11-24,2025-02-06,1982,16,1,0,.40841,,,,-2.2e-14,3.4e-16,,,,
20307918,307918 (2004 EU9),0.374,,31.740084254248696,4.139242194387398e+19,302,0.167,307918,,Y,N,0,19.02,,,,,,,,0.358,,,,,,,,,0.05,126,2461000.5,61000,2025-11-21.0,J2000,0.5052,0.8805,0.436,28.58,161.08,202.43,215.48,1.33,1.193,2461121.64,2026-03-22.1,0.826,65.1,4.13,6.53,7.7e-08,1.4e-09,6.8e-08,1.1e-05,6.5e-06,1.3e-05,2.2e-05,2.1e-09,2.8e-09,1.8e-05,7.1e-07,ATE,Otto Matic,7350,2004-03-06,2024-04-20,560,,,0,.49568,,,,,,,,,
20152742,152742 (1998 XE12),0.413,,31.783430241333793,5.58909600962103e+19,301,0.112,152742,,Y,N,0,19.10,,,,,,,,0.264,,,,,,,,,0.01,131,2461000.5,61000,2025-11-21.0,J2000,0.7392,0.8781,0.229,13.43,280.01,353.17,16.51,1.53,1.198,2460986.72,2025-11-07.2,0.823,43.5,3.6,6.46,4.1e-08,5.2e-09,3.6e-08,8.3e-06,1.2e-05,1.3e-05,1.3e-05,9.0e-09,1.1e-08,1.1e-05,2.7e-06,ATE,Otto Matic,10285,1995-11-30,2024-01-27,565,,,0,.41313,,,,1.8e-14,4.7e-15,,,,
20496962,496962 (2002 GP186),0.175,,26.273697269145032,2.9056708101942047e+18,532,0.0813,496962,,Y,N,0,20.31,,,,,,,,0.439,,,,,,,,,0.04,36,2461000.5,61000,2025-11-21.0,J2000,0.3311,1.285,0.859,8.11,31.17,24.85,194.80,1.71,0.6767,2461244.61,2026-07-23.1,1.46,31.7,3.66,4.98,4.1e-08,4.7e-09,5.5e-08,5.2e-06,3.0e-05,3.0e-05,1.9e-05,6.3e-09,3.7e-09,3.0e-05,2.9e-06,APO,Otto Matic,8100,2002-04-03,2024-06-06,119,,,0,.60928,,,,,,,,,
20141531,141531 (2002 GB),0.303,,29.90164152071802,1.953474867017584e+19,361,0.28,141531,,Y,N,0,19.15,,,,,,,,0.482,73.,,,,,,,,0.01,187,2461000.5,61000,2025-11-21.0,J2000,0.5290,0.9921,0.467,22.55,40.80,8.33,40.90,1.52,0.9974,2460959.49,2025-10-10.9,0.988,109,3.89,5.93,8.7e-09,2.2e-09,8.6e-09,5.1e-07,5.0e-07,4.6e-07,5.3e-06,3.3e-09,3.3e-09,5.2e-06,1.2e-06,ATE,Otto Matic,7962,2002-04-01,2024-01-18,890,,,0,.58636,,,,2.4e-14,3.9e-15,,,,
20469445,469445 (2002 LT24),0.143,,35.097513515512226,2.8291156013578614e+18,223,0.0114,469445,,Y,N,0,22.14,,,,,,,,0.136,,,,,,,,,0.02,67,2461000.5,61000,2025-11-21.0,J2000,0.4958,0.7201,0.363,0.77,165.65,283.09,302.27,1.08,1.613,2461036.29,2025-12-26.7,0.611,4.43,4.14,7.87,5.4e-08,9.9e-10,3.9e-08,2.0e-06,5.4e-04,5.4e-04,3.0e-05,1.5e-09,3.3e-09,1.8e-05,4.6e-07,ATE,Otto Matic,8065,2002-06-09,2024-07-08,287,,,0,.40714,,,,-6.0e-14,1.3e-15,,,,
20518810,518810 (2010 CF19),0.083,,27.26795279985722,3.339098462750636e+17,476,0.0321,518810,,Y,Y,0,21.85,,,,,,,,0.448,,,,,,,,,0.01,46,2461000.5,61000,2025-11-21.0,J2000,0.2699,1.193,0.871,7.18,154.70,265.32,85.37,1.52,0.7563,2460887.62,2025-07-31.1,1.3,12.5,3.81,5.28,5.1e-08,8.3e-09,6.6e-08,8.0e-06,1.6e-05,2.3e-05,4.7e-05,1.1e-08,7.9e-09,6.1e-05,5.0e-06,APO,Otto Matic,3020,2010-02-14,2018-05-23,180,0,1,0,.41389,,,,,,,,,
20618348,618348 (2016 PN),0.16,,32.14045524792322,3.323180090165456e+18,291,0.0695,618348,,Y,N,0,20.22,,,,,,,,0.495,5.455,,,,,,,,0.07,51,2461000.5,61000,2025-11-21.0,J2000,0.3323,0.8587,0.573,21.60,126.04,23.68,22.80,1.14,1.239,2460982.09,2025-11-02.5,0.796,27,3.88,6.77,2.1e-07,3.2e-09,1.8e-07,2.1e-05,5.1e-06,2.1e-05,4.1e-05,4.3e-09,6.9e-09,3.3e-05,1.6e-06,ATE,Otto Matic,4404,2012-08-05,2024-08-26,315,,,0,.32048,,,,,,,,,
20462238,462238 (2008 CN1),0.227,,33.92799950152112,1.0575087246806854e+19,247,0.0336,462238,,Y,Y,0,20.66,,,,,,,,0.197,6.0555,,,,,,,,0.00,62,2461000.5,61000,2025-11-21.0,J2000,0.3478,0.7706,0.503,7.22,331.43,7.29,249.03,1.04,1.457,2461076.66,2026-02-05.1,0.676,13.1,4.3,7.47,7.8e-08,1.0e-08,6.1e-08,9.2e-06,7.9e-06,2.1e-05,2.0e-04,1.3e-08,2.8e-08,1.4e-04,4.8e-06,ATE,Otto Matic,2945,2008-02-02,2016-02-25,568,,,1,.35607,,,,,,,,,
20041429, 41429 (2000 GE2),0.204,,23.59743875050465,3.712873208275265e+18,734,0.0111,41429,,Y,Y,0,20.66,,,,,,,,0.267,,,,,,,,,0.03,99,2461000.5,61000,2025-11-21.0,J2000,0.5556,1.593,0.708,2.17,351.79,297.37,238.87,2.48,0.4903,2461247.54,2026-07-26.0,2.01,4.33,2.72,4.19,3.5e-08,5.0e-09,5.4e-08,4.1e-06,6.3e-05,6.5e-05,2.0e-05,7.8e-09,2.3e-09,4.1e-05,3.5e-06,APO,Otto Matic,9749,1998-03-25,2024-12-02,440,,,0,.63323,,,,,,,,,
20468468,468468 (2004 KH17),0.197,,35.291634334225094,7.478803133591887e+18,220,0.0047,468468,,Y,Y,0,22.01,,,,,,,,0.072,,,,,,,,,0.01,64,2461000.5,61000,2025-11-21.0,J2000,0.4981,0.7122,0.357,22.13,79.11,340.73,112.10,1.07,1.64,2460932.15,2025-09-13.6,0.601,1.83,4.27,7.9,1.0e-07,3.8e-09,7.1e-08,3.0e-05,1.1e-05,1.6e-05,3.9e-05,5.6e-09,1.3e-08,2.4e-05,1.7e-06,ATE,Otto Matic,7673,2004-05-29,2025-06-01,248,1,0,0,.41603,,,,-6.7e-14,4.1e-15,,,,
20164207,164207 Cardea (2004 GU9),0.163,Cardea,29.768415352054774,3.01414491008111e+18,366,0.00309,164207,,Y,Y,0,21.19,,,,,,,,0.219,,,,,,,,,0.01,104,2461000.5,61000,2025-11-21.0,J2000,0.1359,1.001,0.865,13.65,38.39,279.34,97.33,1.14,0.984,2460901.58,2025-08-14.0,1,1.2,4.01,6.04,1.5e-07,4.2e-09,1.5e-07,8.9e-06,1.0e-05,1.8e-05,2.5e-05,4.8e-09,6.2e-09,2.5e-05,2.3e-06,APO,Otto Matic,8688,2001-05-11,2025-02-22,346,,,0,.53296,,,,-5.8e-14,7.6e-15,,,,
20833009,833009 (2010 GR75),0.277,,22.670043826478395,8.578945482884804e+18,829,0.299,833009,,Y,N,0,19.64,,,,,,,,0.334,,,,,,,,,0.05,JPL 44,2461000.5,61000,2025-11-21.0,J2000,0.6364,1.726,0.628,17.80,118.51,0.03,340.35,2.82,0.4345,2461045.72,2026-01-05.2,2.27,116,2.3,3.86,6.7e-08,5.7e-09,1.2e-07,8.1e-06,2.6e-05,2.7e-05,9.8e-06,9.3e-09,2.1e-09,2.3e-05,4.1e-06,APO,Otto Matic,5586,2010-04-13,2025-07-29,139,,,0,.59218,,,,,,,,,
20247517,247517 (2002 QY6),0.269,,32.9484622406758,1.6596519543911537e+19,270,0.106,247517,,Y,N,0,19.64,,,,,,,,0.357,,,,,,,,,0.01,JPL 125,2461000.5,61000,2025-11-21.0,J2000,0.6991,0.8171,0.246,12.75,164.17,355.41,341.62,1.39,1.334,2461014.27,2025-12-04.7,0.739,41.2,3.6,6.92,4.5e-08,3.3e-09,3.7e-08,6.3e-06,8.5e-06,1.0e-05,1.0e-05,5.6e-09,8.1e-09,7.7e-06,1.6e-06,ATE,Otto Matic,8450,2002-08-16,2025-10-04,620,,,0,.52067,,,,-2.5e-14,3.8e-15,,,,
20152563,152563 (1992 BF),0.272,,31.25746455402098,1.5442019203048133e+19,316,0.0626,152563,,Y,N,0,19.71,,,,,,,,0.287,32.,,,,,Xc,,,0.08,110,2461000.5,61000,2025-11-21.0,J2000,0.2717,0.9079,0.661,7.25,315.19,336.57,242.27,1.15,1.139,2461103.83,2026-03-04.3,0.865,24.4,3.99,6.53,2.9e-08,1.0e-09,2.7e-08,3.8e-06,1.2e-05,1.5e-05,1.4e-05,1.3e-09,2.0e-09,1.3e-05,5.4e-07,ATE,Otto Matic,25988,1953-01-10,2024-03-06,638,,,0,.44219,,,,-2.7e-14,6.9e-16,,,,
20443837,443837 (2000 TJ1),0.253,,27.653095965679658,9.726105284867832e+18,457,0.0978,443837,,Y,N,0,19.70,,,,,,,,0.399,14.09,,,,,,,,0.04,JPL 101,2461000.5,61000,2025-11-21.0,J2000,0.0808,1.16,1.067,39.54,190.41,52.50,158.17,1.25,0.7885,2460799.90,2025-05-04.3,1.25,38,3.74,5.21,1.7e-07,2.5e-09,2.0e-07,2.8e-05,3.0e-06,7.7e-05,8.7e-05,2.7e-09,2.5e-09,1.1e-04,1.4e-06,AMO,Otto Matic,9133,2000-10-01,2025-10-03,621,,,0,.30229,,,,-2.1e-14,5.4e-15,,,,
20238456,238456 (2004 RK),0.328,,25.270953727982462,1.769924241645066e+19,598,0.165,238456,,Y,N,0,19.43,,,,,,,,0.312,,,,,,,,,0.04,122,2461000.5,61000,2025-11-21.0,J2000,0.3003,1.389,0.972,18.15,178.75,264.47,277.72,1.81,0.6022,2461137.13,2026-04-06.6,1.64,64,3.54,4.68,2.2e-08,1.4e-09,3.0e-08,4.4e-06,6.7e-06,9.6e-06,7.5e-06,1.8e-09,8.9e-10,1.2e-05,8.8e-07,APO,Otto Matic,14179,1986-10-02,2025-07-28,579,,,0,.5382,,,,,,,,,
20464885,464885 (2005 LS3),0.384,,24.399426650830897,2.647541625040823e+19,664,0.176,464885,,Y,N,0,19.47,,,,,,,,0.190,,,,,,,,,0.10,59,2461000.5,61000,2025-11-21.0,J2000,0.2677,1.49,1.091,34.90,85.21,123.61,124.49,1.89,0.5421,2460770.87,2025-04-05.3,1.82,68.7,3.3,4.34,4.1e-08,2.0e-09,6.1e-08,1.1e-05,6.9e-06,1.8e-05,1.4e-05,2.5e-09,1.1e-09,2.6e-05,1.3e-06,AMO,Otto Matic,11317,1994-07-10,2025-07-04,214,,,0,.58486,,,,,,,,,
20423321,423321 (2005 ED318),0.202,,21.8971145961094,3.103971836745777e+18,919,0.00676,423321,,Y,Y,0,20.90,,,,,,,,0.212,17.157,,,,,,,,0.01,72,2461000.5,61000,2025-11-21.0,J2000,0.4502,1.85,1.017,2.39,82.04,164.37,52.13,2.68,0.3917,2460867.42,2025-07-10.9,2.52,2.63,2.35,3.88,6.9e-09,1.1e-09,1.2e-08,2.2e-06,3.1e-05,3.3e-05,5.4e-06,1.5e-09,3.4e-10,1.4e-05,7.9e-07,AMO,Otto Matic,7288,2000-02-12,2020-01-26,615,1,1,0,.37464,,,,,,,,,
20004688,  4688 (1980 WF),0.6,,19.930968091996984,6.739077025763851e+19,1.22e+03,0.108,4688,,Y,N,0,19.60,,,,,,,,0.18,,,0.930,0.463,,V,QU,,,71,2461000.5,61000,2025-11-21.0,J2000,0.5179,2.233,1.077,6.37,241.23,213.83,163.46,3.39,0.2954,2460447.07,2024-05-16.5,3.34,42.1,1.86,3.44,4.0e-08,6.6e-09,9.0e-08,5.0e-06,2.8e-05,3.2e-05,7.2e-06,1.0e-08,1.3e-09,2.3e-05,5.4e-06,AMO,Otto Matic,14739,1980-11-29,2021-04-07,332,,,0,.43788,,,,-3.8e-14,8.0e-15,,,,
20363027,363027 (1998 ST27),0.578,,32.894159839632394,1.64100911542926e+20,271,0.00981,363027,,Y,Y,1,19.58,,,,,,,,0.059,3,,,,,,,,0.23,155,2461000.5,61000,2025-11-21.0,J2000,0.5298,0.8198,0.386,21.05,197.51,322.44,88.41,1.25,1.328,2460933.92,2025-09-15.4,0.742,3.82,3.77,6.97,3.5e-08,3.2e-10,2.9e-08,3.6e-06,1.3e-06,2.1e-06,4.5e-06,4.9e-10,7.7e-10,3.4e-06,1.6e-07,ATE,Otto Matic,9517,1998-09-24,2024-10-14,1047,12,1,0,.32707,,,,1.6e-14,1.6e-16,,,,
20419472,419472 (2010 DW1),0.459,,26.9094431664914,5.499679232334745e+19,495,0.00882,419472,,Y,Y,0,19.97,,,,,,,,0.088,,,,,,,,,0.00,JPL 83,2461000.5,61000,2025-11-21.0,J2000,0.2002,1.225,0.980,23.77,157.11,9.66,217.22,1.47,0.727,2461196.91,2026-06-05.4,1.36,3.43,3.51,5.12,5.0e-08,2.3e-09,6.0e-08,7.7e-06,6.1e-06,1.6e-05,2.1e-05,2.7e-09,2.0e-09,2.9e-05,1.4e-06,APO,Otto Matic,8428,2002-08-29,2025-09-25,385,,,0,.38068,,,,,,,,,
20068346, 68346 (2001 KZ66),0.736,,24.26141514519287,1.8431283654016143e+20,676,0.0385,68346,,Y,Y,0,16.92,,,,,,,,0.291,4.987,,,,,,,,0.21,255,2461000.5,61000,2025-11-21.0,J2000,0.4165,1.507,0.880,16.70,219.37,140.28,346.82,2.14,0.5325,2461025.26,2025-12-15.7,1.85,15,3.39,4.39,2.5e-09,1.7e-10,3.8e-09,2.0e-07,7.2e-07,1.1e-06,8.4e-07,2.4e-10,9.1e-11,1.6e-06,1.2e-07,APO,Otto Matic,16613,1979-12-28,2025-06-22,1245,1,1,0,.50835,,,,,,,,,
20252558,252558 (2001 WT1),0.533,,28.540318509915124,9.686996426093422e+19,415,0.122,252558,,Y,N,0,20.37,,,,,,,,0.062,,,,,,,,,0.03,78,2461000.5,61000,2025-11-21.0,J2000,0.3972,1.089,0.657,7.16,73.75,180.74,189.45,1.52,0.867,2461197.21,2026-06-05.7,1.14,47.4,3.52,5.61,4.8e-08,1.4e-09,5.2e-08,4.3e-06,3.4e-05,3.6e-05,1.3e-05,2.0e-09,1.7e-09,1.5e-05,8.2e-07,APO,Otto Matic,8483,2001-11-15,2025-02-05,292,,,0,.60352,,,,,,,,,
20438107,438107 (2005 GY110),0.663,,21.903035135516255,1.0980928563293628e+20,918,0.215,438107,,Y,N,0,18.36,,,,,,,,0.191,,,,,,,,,0.02,39,2461000.5,61000,2025-11-21.0,J2000,0.6864,1.849,0.580,12.65,294.60,169.16,88.38,3.12,0.3921,2460775.09,2025-04-09.5,2.51,83.6,2.08,3.66,1.1e-07,1.5e-08,2.1e-07,2.1e-05,4.4e-05,4.8e-05,3.5e-05,2.5e-08,4.7e-09,8.7e-05,1.1e-05,APO,Otto Matic,7358,2005-04-10,2025-06-02,113,,,0,.47957,,,,,,,,,
20276703,276703 (2004 BL11),0.521,,26.533068781957983,7.81948258882057e+19,517,0.131,276703,,Y,N,0,19.30,,,,,,,,0.124,,,,,,,,,0.19,78,2461000.5,61000,2025-11-21.0,J2000,0.7500,1.26,0.315,9.82,142.41,176.96,252.83,2.21,0.6968,2461154.30,2026-04-23.7,1.41,51.1,3.13,4.77,3.2e-08,5.3e-09,4.0e-08,6.0e-06,2.2e-05,2.4e-05,1.9e-05,9.3e-09,4.4e-09,2.8e-05,3.3e-06,APO,Otto Matic,7688,2004-01-18,2025-02-04,286,,,0,.54169,,,,,,,,,
20003362,  3362 Khufu (1984 QA),0.7,Khufu,29.94090037111222,2.414980974536346e+20,360,0.013,3362,,Y,Y,0,18.52,,,,,,,,0.21,,,,,,,,,,24,2461000.5,61000,2025-11-21.0,J2000,0.4685,0.9895,0.526,9.92,152.40,55.09,40.38,1.45,1.001,2460960.17,2025-10-11.6,0.984,5.06,3.52,6.02,5.7e-07,1.2e-08,5.7e-07,1.2e-05,5.8e-05,4.8e-05,2.2e-04,1.7e-08,1.8e-08,2.2e-04,6.3e-06,ATE,Otto Matic,7394,1984-08-30,2004-11-27,262,,,1,.6347,,,,,,,,,
20523636,523636 (2010 EX119),0.55,,21.57869941185285,6.084550229368477e+19,960,0.158,523636,,Y,N,0,19.42,,,,,,,,0.086,,,,,,,,,0.01,34,2461000.5,61000,2025-11-21.0,J2000,0.5939,1.905,0.774,15.52,211.73,22.46,324.22,3.04,0.3749,2461095.94,2026-02-24.4,2.63,61.3,1.99,3.67,9.3e-08,1.9e-08,1.8e-07,1.4e-05,4.8e-05,5.0e-05,3.3e-05,3.0e-08,5.6e-09,9.1e-05,1.4e-05,APO,Otto Matic,4987,2010-03-13,2023-11-07,105,,,0,.48517,,,,,,,,,
20055408, 55408 (2001 TC2),0.461,,28.397258368387075,6.205052826418461e+19,421,0.147,55408,,Y,N,0,18.87,,,,,,,,0.342,,,,,,,,,0.01,122,2461000.5,61000,2025-11-21.0,J2000,0.2246,1.1,0.853,30.39,193.82,353.55,188.25,1.35,0.8544,2461201.51,2026-06-10.0,1.15,57.4,3.61,5.5,2.9e-09,9.3e-10,2.8e-09,4.5e-07,8.1e-07,1.3e-06,3.6e-06,1.1e-09,1.1e-09,4.4e-06,5.3e-07,APO,Otto Matic,16722,1979-11-13,2025-08-25,556,,,0,.54514,,,,,,,,,
20219071,219071 (1997 US9),0.657,,29.024087175930838,1.8763036770934004e+20,395,0.251,219071,,Y,N,0,17.16,,,,,,,,0.383,3.319,,,,,Q,,,0.19,JPL 416,2461000.5,61000,2025-11-21.0,J2000,0.2821,1.053,0.756,20.02,212.18,357.39,182.28,1.35,0.9124,2461195.28,2026-06-03.7,1.08,97.5,3.61,5.75,1.6e-08,5.6e-10,1.7e-08,4.4e-07,1.3e-06,1.8e-06,3.5e-06,7.2e-10,7.3e-10,3.9e-06,3.2e-07,APO,Otto Matic,10211,1997-10-19,2025-10-03,2671,,,0,.43991,,,,,,,,,
20267337,267337 (2001 VK5),0.439,,26.438812467072886,4.644803340374492e+19,522,0.000899,267337,,Y,Y,0,18.05,,,,,,,,0.578,39.05,,,,,,,,0.10,232,2461000.5,61000,2025-11-21.0,J2000,0.5142,1.269,0.617,19.43,54.21,263.93,340.50,1.92,0.6894,2461028.78,2025-12-19.2,1.43,0.35,3.53,4.9,1.3e-08,3.8e-09,1.7e-08,5.2e-07,2.2e-06,2.1e-06,7.0e-06,5.8e-09,3.1e-09,1.0e-05,2.4e-06,APO,Otto Matic,8540,2001-11-11,2025-03-30,1117,0,1,0,.49415,,,,-3.2e-14,8.0e-15,,,,
20520808,520808 (2014 TF64),0.704,,23.450687086182043,1.5070199522871774e+20,748,0.131,520808,,Y,N,0,20.01,,,,,,,,0.032,,,,,,,,,0.20,52,2461000.5,61000,2025-11-21.0,J2000,0.4180,1.613,0.939,52.67,217.96,114.24,180.93,2.29,0.481,2461372.78,2026-11-28.2,2.05,51.2,3.7,3.84,3.1e-08,1.2e-08,5.1e-08,2.6e-05,6.9e-06,1.3e-05,1.7e-05,1.7e-08,5.3e-09,3.9e-05,8.2e-06,APO,Otto Matic,3716,2010-03-21,2020-05-23,236,,,0,.56508,,,,,,,,,
20022099, 22099 (2000 EX106),0.524,,28.345767377034534,9.079463346582348e+19,424,0.168,22099,,Y,N,0,18.09,,,,,,,,0.444,6.334,,,,,S:,,,0.11,297,2461000.5,61000,2025-11-21.0,J2000,0.2763,1.104,0.799,9.85,136.43,186.57,299.82,1.41,0.8491,2461071.37,2026-01-30.8,1.16,65.5,3.88,5.58,2.9e-09,2.1e-09,2.8e-09,1.6e-07,8.5e-07,9.3e-07,6.3e-06,2.6e-09,2.4e-09,7.6e-06,1.2e-06,APO,Otto Matic,11016,1994-01-30,2024-03-29,2341,,,0,.35555,,,,9.7e-15,3.2e-15,,,,
20477490,477490 (2010 CG18),0.652,,24.8280355433178,1.3418914490579308e+20,630,0.129,477490,,Y,N,0,20.59,,,,,,,,0.017,,,,,,,,,0.02,51,2461000.5,61000,2025-11-21.0,J2000,0.2261,1.439,1.113,10.15,78.78,351.62,78.71,1.76,0.5712,2460862.70,2025-07-06.2,1.73,50.3,3.51,4.62,5.4e-08,6.0e-09,7.7e-08,4.9e-06,2.2e-05,2.8e-05,2.2e-05,7.4e-09,3.6e-09,3.7e-05,4.0e-06,AMO,Otto Matic,5217,2010-01-19,2024-05-02,299,,,0,.435,,,,,,,,,
20246138,246138 (2007 OG3),0.588,,20.24155183880343,6.541983881083181e+19,1.16e+03,0.12,246138,,Y,N,0,18.25,,,,,,,,0.269,,,,,,,,,0.17,60,2461000.5,61000,2025-11-21.0,J2000,0.4814,2.165,1.123,1.69,78.32,272.01,269.02,3.21,0.3095,2461294.47,2026-09-10.9,3.18,46.6,2.22,3.53,5.0e-08,9.5e-09,1.1e-07,7.8e-06,1.7e-04,1.7e-04,1.6e-05,1.4e-08,2.0e-09,5.3e-05,7.6e-06,AMO,Otto Matic,18043,1975-10-29,2025-03-23,300,,,0,.4581,,,,,,,,,
20162142,162142 (1998 VR),0.462,,31.834225710201586,7.848820380071068e+19,299,0.151,162142,,Y,N,0,18.83,,,,,,,,0.250,8.44,,,,,Sk,,,0.17,JPL 103,2461000.5,61000,2025-11-21.0,J2000,0.3179,0.8753,0.597,21.81,46.35,170.74,196.47,1.15,1.204,2461136.37,2026-04-05.8,0.819,58.8,3.82,6.67,7.3e-08,3.4e-09,6.4e-08,1.1e-05,7.0e-06,2.4e-05,3.2e-05,4.5e-09,7.0e-09,2.6e-05,1.7e-06,ATE,Otto Matic,9825,1998-11-10,2025-10-04,525,,,0,.41809,,,,1.6e-14,4.2e-15,,,,
20001915,  1915 Quetzalcoatl (1953 EA),0.5,Quetzalcoatl,18.669335575090322,3.42182360986745e+19,1.48e+03,0.109,1915,,Y,N,0,18.38,0.10,,,,,,,0.21,4.9,,0.784,0.430,,,SMU,,,13,2461000.5,61000,2025-11-21.0,J2000,0.5702,2.545,1.094,20.40,162.92,347.76,21.62,4.00,0.2428,2460911.46,2025-08-23.9,4.06,42.4,1.07,3.12,2.2e-07,8.2e-08,5.9e-07,6.6e-05,6.3e-05,9.2e-05,1.8e-04,1.3e-07,1.2e-08,7.5e-04,7.2e-05,AMO,Otto Matic,24702,1953-03-09,2020-10-25,55,0,1,0,.67784,,,,,,,,,
20153201,153201 (2000 WO107),0.51,,31.202524444225414,1.0143314092824773e+20,318,0.00286,153201,,Y,Y,0,19.30,,,,,,,,0.129,5.022,,,,,X,,,0.08,184,2461000.5,61000,2025-11-21.0,J2000,0.7808,0.9111,0.200,7.77,69.19,213.76,312.79,1.62,1.133,2461042.16,2026-01-01.6,0.87,1.11,3.55,6.23,2.1e-08,5.1e-09,2.0e-08,4.5e-06,7.2e-06,7.4e-06,1.5e-05,9.1e-09,9.5e-09,1.3e-05,2.7e-06,ATE,Otto Matic,8479,2000-11-29,2024-02-16,1137,4,4,0,.33489,,,,-1.6e-14,3.2e-15,,,,
20455299,455299 (2002 EL6),0.537,,19.642794347555267,4.692662040576007e+19,1.27e+03,0.0454,455299,,Y,Y,0,18.05,,,,,,,,0.386,,,,,,,,,0.17,119,2461000.5,61000,2025-11-21.0,J2000,0.5802,2.299,0.965,9.53,84.83,186.97,258.02,3.63,0.2827,2461361.29,2026-11-16.7,3.49,17.6,1.5,3.33,2.3e-08,2.8e-09,5.2e-08,5.2e-06,5.3e-05,5.1e-05,6.1e-06,4.4e-09,5.1e-10,2.2e-05,2.3e-06,APO,Otto Matic,7965,2002-03-10,2023-12-30,600,,,0,.52395,,,,,,,,,
20437994,437994 (2003 UL12),1.078,,16.445074056046337,2.6608343046363356e+20,2.17e+03,0.254,437994,,Y,N,0,17.48,,,,,,,,0.200,,,,,,,,,0.02,108,2461000.5,61000,2025-11-21.0,J2000,0.7034,3.28,0.973,19.81,192.68,275.32,243.17,5.59,0.166,2461704.49,2027-10-25.9,5.94,98.9,1.57,2.65,5.4e-08,1.5e-08,1.8e-07,1.3e-05,1.5e-05,2.5e-05,7.7e-06,2.6e-08,1.2e-09,5.1e-05,1.5e-05,APO,Otto Matic,8809,1998-04-23,2022-06-05,495,,,0,.53029,,,,,,,,,
20052760, 52760 (1998 ML14),1.0,,19.18908892358675,2.8920020214570903e+20,1.37e+03,0.017,52760,,Y,Y,0,17.52,,,,,,,,,14.28,,,,,,,,0.05,159,2461000.5,61000,2025-11-21.0,J2000,0.6236,2.409,0.907,2.43,338.65,20.36,92.55,3.91,0.2637,2460649.51,2024-12-05.0,3.74,6.6,1.55,3.22,3.3e-09,6.6e-10,7.7e-09,3.0e-06,3.0e-05,3.0e-05,9.6e-07,1.1e-09,1.1e-10,3.5e-06,5.6e-07,APO,Otto Matic,9768,1998-06-24,2025-03-22,708,11,7,0,.41939,,,,,,,,,
20349074,349074 (2007 BM8),1.081,,25.719253939613175,6.562717292338585e+20,568,0.407,349074,,Y,N,0,18.39,,,,,,,,0.067,,,,,,,,,0.17,71,2461000.5,61000,2025-11-21.0,J2000,0.7209,1.341,0.374,27.64,87.62,179.31,343.05,2.31,0.6344,2461027.22,2025-12-17.7,1.55,158,2.8,4.5,2.6e-08,5.1e-09,3.5e-08,4.2e-06,9.4e-06,1.0e-05,1.0e-05,8.8e-09,3.6e-09,1.6e-05,3.2e-06,APO,Otto Matic,8055,2002-12-05,2024-12-24,217,,,0,.55905,,,,,,,,,
20162998,162998 (2001 SK162),0.875,,21.460736094797433,2.4232781614093674e+20,976,0.0284,162998,,Y,Y,0,18.17,,,,,,,,0.161,68,,,,,T,,,0.01,JPL 173,2461000.5,61000,2025-11-21.0,J2000,0.4745,1.926,1.012,1.68,285.29,186.47,329.01,2.84,0.3688,2461084.53,2026-02-13.0,2.67,11,2.31,3.77,2.7e-08,2.3e-09,5.2e-08,2.8e-06,1.3e-04,1.3e-04,7.0e-06,3.3e-09,6.5e-10,1.9e-05,1.7e-06,APO,Otto Matic,11681,1993-10-09,2025-10-02,1257,,,0,.45007,,,,,,,,,
20488789,488789 (2004 XK50),1.039,,24.725156500478164,5.3853585385163784e+20,639,0.042,488789,,Y,Y,0,19.13,,,,,,,,0.038,,,,,,,,,0.08,32,2461000.5,61000,2025-11-21.0,J2000,0.6886,1.451,0.452,38.23,94.05,104.01,314.44,2.45,0.5638,2461081.31,2026-02-09.8,1.75,16.3,3.25,4.19,2.6e-07,4.6e-09,3.8e-07,5.2e-05,1.9e-05,4.3e-05,1.9e-05,7.7e-09,2.7e-09,3.3e-05,3.0e-06,APO,Otto Matic,5123,2004-12-14,2018-12-24,164,,,0,.60648,,,,,,,,,
20138127,138127 (2000 EE14),0.754,,36.610813069541464,4.512556649488582e+20,197,0.0239,138127,,Y,Y,0,17.11,,,,,,,,0.449,2.586,,,,,,,,0.02,161,2461000.5,61000,2025-11-21.0,J2000,0.5331,0.6618,0.309,26.46,155.75,197.85,88.53,1.01,1.831,2460952.14,2025-10-03.6,0.538,9.31,4.41,8.4,4.8e-09,2.1e-10,3.1e-09,1.7e-07,4.1e-07,4.5e-07,2.5e-06,3.3e-10,8.8e-10,1.3e-06,9.5e-08,ATE,Otto Matic,8470,2000-03-04,2023-05-13,1099,,,0,.65161,,,,,,,,,
20139289,139289 (2001 KR1),1.126,,26.533068781957983,7.893689123507253e+20,516,0.179,139289,,Y,N,0,17.80,,,,,,,,0.127,11.3,,,,,,,,0.24,174,2461000.5,61000,2025-11-21.0,J2000,0.8412,1.26,0.200,23.26,102.70,291.49,66.98,2.32,0.6972,2460904.43,2025-08-16.9,1.41,69.5,3.36,4.62,3.1e-08,2.8e-09,3.9e-08,5.7e-06,1.9e-05,1.7e-05,9.4e-06,5.1e-09,2.3e-09,1.3e-05,1.7e-06,APO,Otto Matic,8811,2001-05-18,2025-07-02,864,,,0,.5425,,,,,,,,,
20364762,364762 (2007 XC10),1.047,,23.40719272957187,4.938881299093825e+20,753,0.411,364762,,Y,N,0,19.38,,,,,,,,0.028,,,,,,,,,0.20,29,2461000.5,61000,2025-11-21.0,J2000,0.2259,1.619,1.254,47.94,254.02,112.50,304.40,1.99,0.4783,2461116.76,2026-03-17.2,2.06,160,3.62,3.94,1.8e-07,3.9e-08,3.2e-07,3.6e-05,9.4e-06,8.2e-05,1.5e-04,4.8e-08,1.7e-08,3.3e-04,2.7e-05,AMO,Otto Matic,4229,2007-12-05,2019-07-04,97,,,0,.536,,,,,,,,,
20377732,377732 (2005 XJ8),0.986,,21.432933600814792,3.4584688088560986e+20,980,0.016,377732,,Y,Y,0,17.06,,,,,,,,0.288,42.89,,,,,,,,0.03,178,2461000.5,61000,2025-11-21.0,J2000,0.6205,1.931,0.733,23.56,115.79,67.45,124.43,3.13,0.3672,2460661.62,2024-12-17.1,2.68,6.21,2.28,3.57,1.5e-08,2.5e-09,2.9e-08,5.5e-06,3.9e-06,4.3e-06,2.8e-06,4.1e-09,7.2e-10,7.2e-06,1.9e-06,APO,Otto Matic,7174,2005-12-04,2025-07-26,874,,,0,.47573,,,,,,,,,
20138359,138359 (2000 GX127),1.085,,27.882385870426592,7.79900075385429e+20,445,0.262,138359,,Y,N,0,17.97,,,,,,,,0.095,3.685,,,,,,,,0.03,157,2461000.5,61000,2025-11-21.0,J2000,0.3613,1.141,0.729,20.24,43.98,4.75,148.80,1.55,0.8081,2460816.38,2025-05-20.8,1.22,102,3.85,5.38,2.8e-09,1.6e-09,2.5e-09,1.7e-07,2.8e-07,4.0e-07,5.5e-06,2.2e-09,1.7e-09,6.5e-06,9.3e-07,APO,Otto Matic,8475,2000-04-10,2023-06-24,860,,,0,.54515,,,,,,,,,
20235086,235086 (2003 HW11),1.024,,19.420217819895935,3.1805186364813915e+20,1.32e+03,0.247,235086,,Y,N,0,17.35,,,,,,,,0.168,6.385,,,,,,,,0.32,JPL 161,2461000.5,61000,2025-11-21.0,J2000,0.4658,2.352,1.256,7.40,150.39,154.24,59.38,3.45,0.2733,2460783.23,2025-04-17.7,3.61,96.1,1.85,3.39,2.0e-08,6.0e-09,4.8e-08,3.8e-06,3.2e-05,3.2e-05,6.7e-06,8.8e-09,1.0e-09,2.4e-05,5.1e-06,AMO,Otto Matic,8211,2003-04-03,2025-09-25,739,,,0,.5022,,,,,,,,,
20099248, 99248 (2001 KY66),1.115,,21.80303418422023,5.175452832678923e+20,931,0.0464,99248,,Y,Y,0,16.54,,,,,,,,0.429,19.7,,,,,,,,0.04,346,2461000.5,61000,2025-11-21.0,J2000,0.5077,1.866,0.919,10.61,284.11,61.55,154.35,2.81,0.3865,2460601.19,2024-10-17.6,2.55,18,2.69,3.8,1.9e-08,4.3e-09,3.5e-08,3.4e-06,1.6e-05,1.7e-05,3.4e-06,6.5e-09,1.3e-09,7.9e-06,3.2e-06,APO,Otto Matic,12329,1991-06-08,2025-03-10,3584,,,0,.28892,,,,,,,,,
20445305,445305 (2010 DM56),0.762,,26.061605526863513,2.360245233574829e+20,545,0.00703,445305,,Y,Y,0,19.82,,,,,,,,0.025,,,,,,,,,0.00,66,2461000.5,61000,2025-11-21.0,J2000,0.2926,1.306,0.924,25.60,349.60,48.17,254.76,1.69,0.6601,2461159.93,2026-04-29.4,1.49,2.74,3.87,4.85,7.7e-08,4.2e-09,1.0e-07,1.9e-05,1.9e-05,2.6e-05,1.7e-05,5.4e-09,3.1e-09,2.7e-05,2.6e-06,APO,Otto Matic,5519,2010-02-18,2025-03-30,343,,,0,.45578,,,,,,,,,
20168378,168378 (1997 ET30),0.841,,20.373727555571847,1.9391832776794774e+20,1.14e+03,0.204,168378,,Y,N,0,16.91,,,,,,,,0.509,5.721,,,,,,,,0.10,235,2461000.5,61000,2025-11-21.0,J2000,0.4495,2.137,1.176,6.81,23.21,263.36,352.56,3.10,0.3155,2461024.08,2025-12-14.5,3.12,79.4,2.14,3.57,2.6e-09,1.1e-09,5.5e-09,4.1e-07,9.0e-07,1.6e-06,1.2e-06,1.6e-09,2.5e-10,3.8e-06,9.0e-07,AMO,Otto Matic,13370,1988-09-14,2025-04-23,1330,,,0,.47356,,,,,,,,,
20523747,523747 (2014 US192),0.873,,20.057114718980653,2.102178206979488e+20,1.2e+03,0.231,523747,,Y,N,0,18.82,,,,,,,,0.077,,,,,,,,,0.01,39,2461000.5,61000,2025-11-21.0,J2000,0.7585,2.205,0.533,14.65,175.00,340.63,111.31,3.88,0.301,2460630.66,2024-11-16.1,3.27,89.9,1.21,3.18,7.6e-08,4.9e-08,1.6e-07,1.4e-05,4.9e-05,5.3e-05,3.1e-05,8.7e-08,1.0e-08,9.0e-05,4.0e-05,APO,Otto Matic,5054,2004-09-24,2018-07-27,223,,,0,.45564,,,,,,,,,
20007839,  7839 (1994 ND),0.784,,20.24155183880343,1.550692475516013e+20,1.16e+03,0.135,7839,,Y,N,0,17.83,,,,,,,,0.181,,,,,,,,,0.01,47,2461000.5,61000,2025-11-21.0,J2000,0.5186,2.165,1.042,27.12,102.50,228.30,291.79,3.29,0.3094,2461220.98,2026-06-29.4,3.19,52.4,2.35,3.38,7.2e-08,7.6e-09,1.6e-07,1.4e-05,1.4e-05,2.1e-05,2.3e-05,1.2e-08,1.6e-09,7.4e-05,6.1e-06,AMO,Otto Matic,10752,1994-07-03,2023-12-10,202,,,0,.53844,,,,,,,,,
20505667,505667 (2014 UV33),0.82,,20.976232666224192,1.9054011436980693e+20,1.05e+03,0.207,505667,,Y,N,0,17.82,,,,,,,,0.182,18.83,,,,,,,,0.01,146,2461000.5,61000,2025-11-21.0,J2000,0.4139,2.016,1.182,8.86,115.67,335.32,282.08,2.85,0.3443,2461226.79,2026-07-05.2,2.86,80.5,2.39,3.7,3.2e-08,1.3e-08,5.9e-08,3.0e-06,2.0e-05,2.2e-05,1.5e-05,1.9e-08,3.4e-09,4.7e-05,1.0e-05,AMO,Otto Matic,10037,1998-02-23,2025-08-17,723,,,0,.41458,,,,,,,,,
20068267, 68267 (2001 EA16),0.875,,24.237302419197103,3.090883270777776e+20,678,0.059,68267,,Y,N,0,16.99,,,,,,,,0.401,3.5,,,,,,,,0.04,148,2461000.5,61000,2025-11-21.0,J2000,0.4273,1.51,0.865,38.82,8.00,317.42,15.80,2.15,0.5313,2460970.77,2025-10-22.2,1.85,22.9,3.44,4.21,1.2e-09,3.8e-10,1.9e-09,2.2e-07,7.9e-08,2.5e-07,8.0e-07,5.4e-10,2.0e-10,1.5e-06,2.5e-07,APO,Otto Matic,8844,2001-03-04,2025-05-21,773,3,1,0,.602,,,,,,,,,
20152952,152952 (2000 GC2),0.776,,25.316560972679483,2.3522553547019466e+20,594,0.279,152952,,Y,N,0,17.57,,,,,,,,0.353,4.179,,,,,,,,0.14,133,2461000.5,61000,2025-11-21.0,J2000,0.1869,1.384,1.125,55.29,358.68,280.20,187.14,1.64,0.6057,2461285.91,2026-09-02.4,1.63,109,3.65,4.34,2.0e-09,6.1e-10,3.2e-09,2.7e-07,2.6e-07,5.2e-07,1.1e-06,7.2e-10,4.0e-10,2.0e-06,3.9e-07,AMO,Otto Matic,11530,1992-03-26,2023-10-20,927,,,0,.54637,,,,,,,,,
20243566,243566 (1995 SA),0.881,,18.98142140890096,1.9349737103582226e+20,1.41e+03,0.0398,243566,,Y,Y,0,17.37,,,,,,,,0.091,2.313,,,,,,,,0.02,120,2461000.5,61000,2025-11-21.0,J2000,0.6417,2.462,0.882,19.58,168.84,54.50,357.67,4.04,0.2551,2461009.63,2025-11-30.1,3.86,15.5,1.4,3.11,2.1e-08,2.1e-08,5.2e-08,1.0e-05,1.1e-05,1.2e-05,1.2e-05,3.4e-08,3.2e-09,4.7e-05,1.8e-05,APO,Otto Matic,11554,1991-03-07,2022-10-24,577,,,0,.41629,,,,,,,,,
20450238,450238 (2002 XN40),1.25,,20.218218630080724,6.270550897978587e+20,1.17e+03,0.312,450238,,Y,N,0,18.35,,,,,,,,0.059,,,,,,,,,0.07,57,2461000.5,61000,2025-11-21.0,J2000,0.4267,2.17,1.244,25.62,270.95,216.51,38.27,3.10,0.3083,2460876.37,2025-07-19.8,3.2,121,2.23,3.45,5.5e-08,6.3e-09,1.2e-07,9.8e-06,1.4e-05,2.6e-05,1.3e-05,9.0e-09,1.3e-09,4.1e-05,5.1e-06,AMO,Otto Matic,7992,2002-12-10,2024-10-27,261,,,0,.46888,,,,,,,,,
20159459,159459 (2000 KB),1.769,,19.482442323528428,1.6502896597909176e+21,1.3e+03,0.531,159459,,Y,N,0,16.31,,,,,,,,0.187,,,,,,,,,0.06,93,2461000.5,61000,2025-11-21.0,J2000,0.7989,2.337,0.470,56.16,185.35,185.39,27.74,4.20,0.2759,2460899.97,2025-08-12.4,3.57,207,1.27,2.68,3.8e-08,6.1e-09,8.8e-08,4.6e-06,9.2e-06,7.6e-06,4.4e-06,1.1e-08,1.1e-09,1.6e-05,5.1e-06,APO,Otto Matic,9165,2000-05-22,2025-06-25,444,,,0,.60607,,,,,,,,,
20159560,159560 (2001 TO103),1.156,,20.01630671186568,4.861063316454951e+20,1.2e+03,0.472,159560,,Y,N,0,17.15,,,,,,,,0.209,,,,,,,,,0.30,140,2461000.5,61000,2025-11-21.0,J2000,0.4348,2.214,1.252,25.70,42.14,261.78,167.20,3.18,0.2991,2460441.56,2024-05-11.0,3.29,184,2.62,3.41,4.5e-08,8.9e-09,9.7e-08,9.6e-06,8.2e-06,1.6e-05,1.6e-05,1.3e-08,1.8e-09,5.2e-05,7.3e-06,AMO,Otto Matic,8564,2001-09-15,2025-02-25,656,,,0,.49859,,,,,,,,,
20620094,620094 (2016 AJ193),1.374,,16.490384310756333,5.540023840631697e+20,2.15e+03,0.0147,620094,,Y,Y,0,18.98,,,,,,,,0.031,,,,,,,,,0.40,57,2461000.5,61000,2025-11-21.0,J2000,0.8161,3.262,0.600,22.57,331.10,82.20,252.40,5.92,0.1673,2461643.55,2027-08-26.0,5.89,5.72,2,2.44,1.0e-08,7.0e-09,3.4e-08,6.0e-06,1.8e-06,4.2e-06,6.9e-07,1.3e-08,5.4e-10,6.2e-06,6.9e-06,APO,Otto Matic,4417,2010-02-05,2022-03-11,467,4,2,0,.27236,,,,,,,,,
20431107,431107 (2006 GU),1.266,,18.132253525456353,5.239556934596971e+20,1.62e+03,0.154,431107,,Y,N,0,17.69,,,,,,,,0.092,,,,,,,,,0.52,102,2461000.5,61000,2025-11-21.0,J2000,0.5840,2.698,1.123,17.70,148.92,146.48,115.05,4.27,0.2223,2460483.05,2024-06-21.5,4.43,59.7,1.25,3.04,3.7e-08,1.6e-08,9.6e-08,6.6e-06,2.2e-05,2.4e-05,4.9e-06,2.5e-08,1.9e-09,2.0e-05,1.4e-05,AMO,Otto Matic,6881,2006-01-31,2024-12-03,451,,,0,.51659,,,,,,,,,
20414746,414746 (2010 EH20),1.8,,18.396671139468246,1.5501934107605048e+21,1.55e+03,0.267,414746,,Y,N,0,17.86,,,,,,,,0.019,,,,,,,,,0.39,66,2461000.5,61000,2025-11-21.0,J2000,0.5230,2.621,1.250,23.87,120.65,207.67,210.66,3.99,0.2323,2461643.39,2027-08-25.8,4.24,104,1.49,3.09,1.5e-07,6.5e-08,3.6e-07,1.5e-05,2.5e-05,4.3e-05,5.3e-05,9.9e-08,8.6e-09,2.5e-04,5.8e-05,AMO,Otto Matic,5055,2010-03-06,2024-01-07,241,,,0,.51178,,,,,,,,,
20249886,249886 (2001 RY11),1.201,,24.456943479774985,8.13810452082722e+20,660,0.197,249886,,Y,N,0,17.62,,,,,,,,0.051,,,,,,,,,0.04,187,2461000.5,61000,2025-11-21.0,J2000,0.2834,1.483,1.063,22.85,295.49,71.55,124.77,1.90,0.5457,2460771.86,2025-04-06.3,1.81,76.6,3.67,4.45,5.1e-09,1.5e-09,8.5e-09,3.2e-07,8.2e-07,1.4e-06,1.5e-06,1.9e-09,8.2e-10,2.4e-06,9.9e-07,AMO,Otto Matic,11602,1992-08-03,2024-05-09,1799,,,0,.38821,,,,,,,,,
20108519,108519 (2001 LF),1.423,,23.516385637879505,1.2515428644920204e+21,742,0.159,108519,,Y,N,0,17.94,,,,,,,,0.060,4.495,,,,,,,,0.61,232,2461000.5,61000,2025-11-21.0,J2000,0.2710,1.604,1.169,16.40,267.25,343.93,29.48,2.04,0.4854,2460939.77,2025-09-21.2,2.03,61.7,3.03,4.27,1.1e-08,5.7e-10,1.8e-08,4.5e-07,1.2e-06,2.5e-06,3.2e-06,7.2e-10,2.6e-10,6.5e-06,3.9e-07,AMO,Otto Matic,12897,1989-09-08,2024-12-30,1083,,,0,.5824,,,,,,,,,
20175706,175706 (1996 FG3),1.196,,28.996563142071754,1.1297347081073259e+21,396,0.0281,175706,,Y,Y,1,18.30,,,,,,,,0.072,3.5942,,,,,C,,,0.36,224,2461000.5,61000,2025-11-21.0,J2000,0.3501,1.055,0.685,1.97,299.47,24.06,36.65,1.42,0.9098,2460960.21,2025-10-11.7,1.08,10.9,3.88,5.78,6.4e-09,1.0e-09,6.8e-09,1.2e-06,4.2e-05,4.2e-05,2.2e-06,1.4e-09,1.3e-09,2.4e-06,5.7e-07,APO,Otto Matic,14371,1985-12-17,2025-04-22,3068,6,1,0,.32383,,,,-1.2e-14,1.6e-15,,,,
20504994,504994 (2011 JU2),1.492,,20.986645291668776,1.148900438981577e+21,1.04e+03,0.268,504994,,Y,N,0,18.41,,,,,,,,0.035,,,,,,,,,0.72,27,2461000.5,61000,2025-11-21.0,J2000,0.4603,2.014,1.087,56.10,47.22,301.29,322.68,2.94,0.3448,2461108.73,2026-03-09.2,2.86,104,3.12,3.2,1.4e-07,6.4e-08,2.6e-07,6.3e-05,1.4e-05,2.8e-05,6.5e-05,9.3e-08,1.6e-08,1.9e-04,5.0e-05,AMO,Otto Matic,2370,2011-05-03,2017-10-28,130,,,0,.48289,,,,,,,,,
20516984,516984 (2012 PN28),1.824,,22.323524035222047,2.3751437086702033e+21,868,0.152,516984,,Y,N,0,18.26,,,,,,,,0.040,,,,,,,,,0.24,53,2461000.5,61000,2025-11-21.0,J2000,0.5316,1.78,0.834,24.48,319.03,174.92,76.09,2.73,0.4149,2460817.11,2025-05-21.6,2.38,59.1,2.34,3.82,1.9e-07,2.1e-08,3.3e-07,2.1e-05,2.8e-05,3.0e-05,1.5e-05,3.3e-08,7.4e-09,3.6e-05,1.6e-05,APO,Otto Matic,5197,2010-07-07,2024-09-28,177,,,0,.63143,,,,,,,,,
20011885, 11885 Summanus (1990 SS),1.298,Summanus,22.822616435844942,8.946328101155993e+20,812,0.0664,11885,,Y,N,0,18.52,,,,,,,,0.033,7.368,,,,,,,,0.45,82,2461000.5,61000,2025-11-21.0,J2000,0.4745,1.703,0.895,19.43,359.76,116.23,236.65,2.51,0.4434,2461278.70,2026-08-26.2,2.22,25.8,2.77,4,3.6e-08,1.9e-09,6.1e-08,1.1e-05,9.2e-06,1.1e-05,6.6e-06,2.8e-09,7.3e-10,1.5e-05,1.3e-06,APO,Otto Matic,12032,1990-09-25,2023-09-04,397,,,0,.48297,,,,,,,,,
20140288,140288 (2001 SN289),1.263,,22.298483619000894,7.867750764054514e+20,870,0.0189,140288,,Y,Y,0,16.74,,,,,,,,0.231,6.58,,,,,,,,0.04,JPL 111,2461000.5,61000,2025-11-21.0,J2000,0.5082,1.784,0.877,53.19,357.06,225.63,149.86,2.69,0.4136,2460638.16,2024-11-23.6,2.38,7.35,2.72,3.52,9.2e-10,7.4e-10,1.7e-09,5.4e-07,1.2e-06,7.9e-07,9.8e-07,1.1e-09,2.6e-10,2.1e-06,5.4e-07,APO,Otto Matic,10642,1996-08-14,2025-10-03,524,,,0,.58342,,,,,,,,,
20841631,841631 (2015 OS35),1.417,,19.84230676231497,8.797995817963186e+20,1.23e+03,0.26,841631,,Y,N,0,19.00,,,,,,,,0.020,,,,,,,,,0.01,JPL 44,2461000.5,61000,2025-11-21.0,J2000,0.5204,2.253,1.080,18.52,276.01,76.49,12.34,3.42,0.2915,2460958.19,2025-10-09.6,3.38,101,2.44,3.38,1.5e-07,4.6e-08,3.6e-07,2.8e-05,2.6e-05,4.0e-05,2.7e-05,6.9e-08,8.9e-09,9.0e-05,3.8e-05,AMO,Otto Matic,3681,2015-07-22,2025-08-19,183,,,0,.41926,,,,,,,,,
20054789, 54789 (2001 MZ7),1.567,,22.348648999882414,1.5093828813885195e+21,864,0.292,54789,,Y,N,0,15.08,,,,,,,,0.856,37.57,,,,,,,,0.03,JPL 847,2461000.5,61000,2025-11-21.0,J2000,0.2874,1.776,1.266,24.47,130.05,20.05,231.99,2.29,0.4164,2461307.90,2026-09-24.4,2.37,114,2.77,3.95,5.1e-10,4.6e-10,1.2e-09,5.5e-08,1.6e-07,1.7e-07,6.8e-07,5.9e-10,1.6e-10,1.8e-06,3.4e-07,AMO,Otto Matic,17140,1978-10-25,2025-09-28,9854,,,0,.29799,,,,,,,,,
20007889,  7889 (1994 LX),1.68,,26.5120358267841,2.6176036191421984e+21,518,0.155,7889,,Y,N,1,15.24,,,,,,,,0.452,2.741,,,,,V,,,0.07,JPL 621,2461000.5,61000,2025-11-21.0,J2000,0.3463,1.262,0.825,36.91,111.26,349.20,255.30,1.70,0.6956,2461151.02,2026-04-20.5,1.42,60.3,3.47,4.86,5.5e-10,4.8e-11,6.9e-10,7.2e-08,9.5e-08,1.1e-07,1.9e-07,6.5e-11,4.0e-11,2.8e-07,3.0e-08,APO,Otto Matic,17560,1977-08-10,2025-09-07,6482,2,2,0,.26552,,,,,,,,,
20614603,614603 (2010 CM),1.168,,18.37215390858884,4.224142491031176e+20,1.56e+03,0.268,614603,,Y,N,0,18.52,,,,,,,,0.057,,,,,,,,,0.23,35,2461000.5,61000,2025-11-21.0,J2000,0.5299,2.628,1.236,7.43,124.95,94.41,220.40,4.02,0.2313,2461604.08,2027-07-17.5,4.26,104,1.07,3.17,9.5e-08,3.0e-08,2.4e-07,8.7e-06,6.4e-05,6.6e-05,4.2e-06,4.6e-08,4.0e-09,2.2e-05,2.7e-05,AMO,Otto Matic,7619,2002-08-18,2023-06-28,128,,,0,.48784,,,,,,,,,
20054686, 54686 (2001 DU8),1.349,,22.34235980628669,9.624624913762023e+20,865,0.434,54686,,Y,N,0,16.61,,,,,,,,0.244,9.958,,,,,S,,,0.46,253,2461000.5,61000,2025-11-21.0,J2000,0.3418,1.777,1.170,33.21,161.68,265.93,213.83,2.38,0.4161,2461351.75,2026-11-07.2,2.37,169,3.34,3.85,1.9e-09,5.5e-10,3.1e-09,1.7e-07,2.0e-07,2.9e-07,7.6e-07,7.4e-10,1.9e-10,2.0e-06,4.0e-07,AMO,Otto Matic,13364,1988-12-03,2025-07-06,1444,,,0,.50693,,,,,,,,,
20002102,  2102 Tantalus (1975 YA),1.649,Tantalus,26.22272981616608,2.421629222957321e+21,535,0.0426,2102,,Y,Y,0,16.00,,,,,,,,0.245,2.384,,,,,Q,,,0.04,JPL 261,2461000.5,61000,2025-11-21.0,J2000,0.2994,1.29,0.904,64.01,94.35,61.50,347.36,1.68,0.6726,2461019.30,2025-12-09.7,1.47,16.6,3.77,4.45,4.3e-10,2.5e-10,5.9e-10,8.9e-08,8.7e-08,1.2e-07,6.3e-07,3.2e-10,1.9e-10,9.5e-07,1.5e-07,APO,Otto Matic,18167,1976-01-02,2025-09-28,2154,1,0,0,.38805,,,,,,,,,
20331792,331792 (2003 MT2),1.275,,18.17271230433931,5.3760083942041204e+20,1.61e+03,0.372,331792,,Y,N,0,15.89,,,,,,,,0.499,,,,,,,,,0.23,JPL 244,2461000.5,61000,2025-11-21.0,J2000,0.5337,2.686,1.252,27.92,305.08,304.51,49.53,4.12,0.224,2460779.34,2025-04-13.8,4.4,145,1.78,3.01,2.1e-09,4.3e-09,4.9e-09,2.5e-07,3.0e-07,4.3e-07,1.9e-06,6.6e-09,5.4e-10,7.9e-06,3.9e-06,AMO,Otto Matic,10102,1998-01-28,2025-09-25,1452,,,0,.4283,,,,,,,,,
20413192,413192 (2002 VY94),2.16,,16.53352303696567,2.1636247686762623e+21,2.14e+03,0.174,413192,,Y,N,0,16.90,,,,,,,,0.043,,,,,,,,,0.01,99,2461000.5,61000,2025-11-21.0,J2000,0.6571,3.245,1.113,9.12,280.80,233.36,306.43,5.38,0.1686,2461318.22,2026-10-04.7,5.85,67.9,0.546,2.78,4.0e-08,2.8e-08,1.2e-07,1.0e-05,4.7e-05,4.8e-05,1.0e-05,4.6e-08,2.1e-09,6.4e-05,2.7e-05,AMO,Otto Matic,6790,2002-11-14,2021-06-17,695,,,0,.35912,,,,,,,,,
20052762, 52762 (1998 MT24),6.742,,19.161269995743005,8.836996984378544e+22,1.37e+03,0.137,52762,,Y,N,0,14.81,,,,,,,,0.051,12.08,,,,,,,,0.19,JPL 229,2461000.5,61000,2025-11-21.0,J2000,0.6532,2.416,0.838,33.87,308.95,254.51,134.20,3.99,0.2625,2460489.27,2024-06-27.7,3.75,53.4,2.44,3.01,1.7e-09,3.2e-09,4.5e-09,1.4e-07,3.1e-07,6.2e-07,1.7e-06,5.2e-09,5.2e-10,5.7e-06,2.7e-06,APO,Otto Matic,26299,1953-10-02,2025-10-03,1266,,,0,.50322,,,,,,,,,
20676261,676261 (2016 EE156),1.99,,18.553059874433547,2.1304934476541387e+21,1.51e+03,0.478,676261,,Y,N,0,17.89,,,,,,,,0.031,,,,,,,,,0.14,70,2461000.5,61000,2025-11-21.0,J2000,0.8113,2.577,0.486,29.01,134.05,175.73,97.64,4.67,0.2383,2460590.75,2024-10-07.2,4.14,186,0.671,2.74,4.0e-08,2.7e-08,9.9e-08,7.8e-06,1.8e-05,2.2e-05,1.0e-05,4.9e-08,3.8e-09,3.8e-05,2.4e-05,APO,Otto Matic,3236,2016-02-28,2025-01-07,360,,,0,.44022,,,,,,,,,
20501878,501878 (2014 WF365),2.177,,19.794044584848077,3.1749307476203395e+21,1.24e+03,0.287,501878,,Y,N,0,17.25,,,,,,,,0.049,,,,,,,,,0.02,60,2461000.5,61000,2025-11-21.0,J2000,0.7616,2.264,0.540,17.82,165.68,15.23,44.38,3.99,0.2894,2460847.15,2025-06-20.6,3.41,112,1.01,3.11,3.7e-08,2.0e-08,8.4e-08,6.9e-06,1.9e-05,2.0e-05,1.2e-05,3.6e-08,3.9e-09,4.1e-05,1.7e-05,APO,Otto Matic,6262,2007-10-11,2024-12-02,238,,,0,.48958,,,,,,,,,
20184990,184990 (2006 KE89),2.039,,29.024087175930838,5.608654636549271e+21,395,0.23,184990,,Y,N,0,16.40,,,,,,,,0.117,2.5435,,,,,,,,0.15,351,2461000.5,61000,2025-11-21.0,J2000,0.7990,1.053,0.212,45.12,88.59,299.23,321.19,1.89,0.9117,2461043.07,2026-01-02.5,1.08,89.6,4.01,5.32,5.7e-09,7.8e-10,6.1e-09,3.4e-07,9.0e-07,4.8e-07,3.7e-06,1.4e-09,1.0e-09,4.1e-06,4.4e-07,APO,Otto Matic,11331,1994-06-06,2025-06-14,2495,,,0,.45708,,,,,,,,,
20138013,138013 (2000 CN101),3.518,,23.560492683143956,1.898218154112993e+22,738,0.108,138013,,Y,N,0,14.72,,,,,,,,0.172,,,,,,,,,0.23,298,2461000.5,61000,2025-11-21.0,J2000,0.6348,1.598,0.584,15.98,183.30,118.76,140.95,2.61,0.4878,2460711.53,2025-02-05.0,2.02,42.1,2.81,4.08,1.1e-08,1.5e-09,1.8e-08,2.1e-07,1.3e-06,3.6e-06,1.1e-05,2.4e-09,6.8e-10,2.3e-05,1.0e-06,APO,Otto Matic,14639,1984-03-07,2024-04-05,1430,,,0,.55368,,,,,,,,,
20003554,  3554 Amun (1986 EB),3.341,Amun,30.178196147477554,2.6675088086143762e+22,351,0.25,3554,,Y,N,0,15.91,,,,,,,,0.074,2.53001,,0.707,0.235,,,,,0.02,265,2461000.5,61000,2025-11-21.0,J2000,0.2806,0.974,0.701,23.36,358.60,359.41,276.71,1.25,1.025,2461081.73,2026-02-10.2,0.961,97.2,4.19,6.11,3.3e-09,1.7e-10,3.3e-09,1.4e-07,2.2e-07,6.5e-07,1.3e-06,2.2e-10,2.7e-10,1.3e-06,9.3e-08,ATE,Otto Matic,12044,1986-03-04,2019-02-23,1979,,,0,.51991,,,,,,,,,
20006178,  6178 (1986 DA),2.3,,17.754592498021378,3.012276315761187e+21,1.72e+03,0.178,6178,,Y,N,0,15.71,,,,,,,,0.15,3.5002,,0.677,0.267,,,,,,JPL 238,2461000.5,61000,2025-11-21.0,J2000,0.5848,2.814,1.168,4.31,64.48,127.47,138.36,4.46,0.2088,2460337.94,2024-01-28.4,4.72,69.3,0.526,3.04,1.7e-08,5.7e-09,4.9e-08,3.8e-06,5.2e-05,5.2e-05,4.0e-06,9.0e-09,6.3e-10,1.7e-05,5.2e-06,AMO,Otto Matic,17602,1977-07-17,2025-09-25,1368,1,1,0,.44683,,,,,,,,,
20004954,  4954 Eric (1990 SQ),10.8,Eric,21.05470743586589,4.385908529706693e+23,1.03e+03,0.194,4954,,Y,N,0,12.56,,,,,,,,0.176,12.056,,,,,S,,,,JPL 994,2461000.5,61000,2025-11-21.0,J2000,0.4494,2.001,1.102,17.43,358.40,52.62,127.17,2.90,0.3481,2460635.17,2024-11-20.6,2.83,75.6,2.7,3.66,6.1e-10,5.8e-10,1.2e-09,2.8e-08,1.3e-07,3.4e-07,4.8e-07,8.4e-10,1.5e-10,1.4e-06,4.5e-07,AMO,Otto Matic,18292,1975-06-07,2025-07-06,7342,,,0,.36179,,,,,,,,,
20005646,  5646 (1990 TR),4.3,,20.34044101381951,2.583544687362187e+22,1.15e+03,0.211,5646,,Y,N,1,15.51,,,,,,,,0.223,3.1999,,,,,U,,,,449,2461000.5,61000,2025-11-21.0,J2000,0.4358,2.144,1.210,7.91,14.07,335.82,80.51,3.08,0.3139,2460744.02,2025-03-09.5,3.14,82.3,2.36,3.57,1.7e-09,6.5e-10,3.6e-09,2.0e-07,1.3e-06,1.3e-06,5.8e-07,9.4e-10,1.4e-10,1.7e-06,5.2e-07,AMO,Otto Matic,12448,1990-05-03,2024-06-01,2538,,,0,.45858,,,,,,,,,
20016834, 16834 (1997 WU22),1.87,,24.581576239373685,3.103374278063781e+21,650,0.147,16834,,Y,N,0,15.75,,,,,,,,0.22,9.345,,,,,S,,,,JPL 738,2461000.5,61000,2025-11-21.0,J2000,0.4422,1.468,0.819,16.00,260.75,334.40,109.14,2.12,0.5542,2460803.56,2025-05-08.0,1.78,57.3,2.93,4.46,5.7e-10,1.5e-10,8.2e-10,5.5e-08,2.6e-07,3.1e-07,3.7e-07,2.1e-10,8.2e-11,6.5e-07,9.7e-08,APO,Otto Matic,13509,1988-10-08,2025-10-03,4724,1,0,0,.32792,,,,,,,,,
20088263, 88263 (2001 KQ1),5.748,,20.567122755694182,6.309388067579664e+22,1.11e+03,0.375,88263,,Y,N,0,15.69,,,,,,,,0.037,13.17,,,,,,,,0.03,431,2461000.5,61000,2025-11-21.0,J2000,0.4326,2.097,1.190,38.79,232.82,241.58,89.70,3.00,0.3246,2460724.18,2025-02-17.6,3.04,146,2.86,3.37,1.2e-09,2.1e-10,2.6e-09,1.6e-07,1.5e-07,2.6e-07,2.4e-07,3.0e-10,4.9e-11,6.9e-07,1.7e-07,AMO,Otto Matic,9888,1998-05-05,2025-05-31,2518,,,0,.36969,,,,,,,,,
20005332,  5332 Davidaguilar (1990 DA),3.6,Davidaguilar,20.25090776804756,1.50274874881305e+22,1.16e+03,0.305,5332,,Y,N,0,14.96,,,,,,,,,5.803,,,,,,,,,JPL 603,2461000.5,61000,2025-11-21.0,J2000,0.4556,2.163,1.178,25.52,142.76,306.09,103.48,3.15,0.3097,2460666.41,2024-12-21.9,3.18,119,2.37,3.44,1.4e-09,1.1e-09,2.7e-09,1.1e-07,3.6e-07,6.0e-07,6.5e-07,1.6e-09,2.4e-10,2.0e-06,9.0e-07,AMO,Otto Matic,18899,1973-10-18,2025-07-16,7427,,,0,.30334,,,,,,,,,
20451124,451124 (2009 KC3),2.188,,16.62341469850057,2.2733814540971291e+21,2.1e+03,0.00649,451124,,Y,Y,0,18.08,,,,,,,,0.023,,,,,,,,,0.45,99,2461000.5,61000,2025-11-21.0,J2000,0.6984,3.21,0.968,10.01,340.11,337.26,300.39,5.45,0.1714,2461348.31,2026-11-03.8,5.75,2.53,0.149,2.73,3.5e-08,3.2e-07,4.2e-08,5.1e-06,1.0e-05,1.2e-05,1.6e-04,5.5e-07,2.6e-08,9.9e-04,3.2e-04,APO,Otto Matic,2394,2009-05-04,2015-11-23,456,11,8,1,.33781,,,,,,,,,
20137805,137805 (1999 YK5),2.243,,32.70323686396414,9.478927071039686e+21,276,0.114,137805,,Y,N,0,16.72,,,,,,,,0.027,3.93,,,,,X,,,0.03,JPL 441,2461000.5,61000,2025-11-21.0,J2000,0.5583,0.8294,0.366,16.75,349.51,292.88,252.59,1.29,1.305,2461082.82,2026-02-11.3,0.755,44.5,3.93,6.91,9.5e-09,5.7e-10,8.0e-09,1.5e-07,1.1e-06,1.3e-06,4.9e-06,8.8e-10,1.3e-09,3.8e-06,2.8e-07,ATE,Otto Matic,9217,1999-12-29,2025-03-24,2235,,,0,.37587,,,,,,,,,
20068348, 68348 (2001 LO7),3.512,,20.288461639465574,1.4003985079976044e+22,1.16e+03,0.386,68348,,Y,N,0,14.27,,,,,,,,0.299,3.3313,,,,,,,,0.13,325,2461000.5,61000,2025-11-21.0,J2000,0.8409,2.155,0.343,25.36,236.23,181.67,177.38,3.97,0.3115,2460431.01,2024-04-30.5,3.16,150,1.42,3.04,9.4e-10,1.2e-09,2.1e-09,9.6e-08,1.5e-07,1.8e-07,7.0e-07,2.1e-09,2.5e-10,1.8e-06,9.4e-07,APO,Otto Matic,25951,1954-06-02,2025-06-20,1584,,,0,.45276,,,,,,,,,
20136874,136874 (1998 FH74),3.398,,20.070772953262843,1.2413327146844032e+22,1.19e+03,0.236,136874,,Y,N,0,15.75,,,,,,,,0.073,28.55,,,,,,,,0.13,287,2461000.5,61000,2025-11-21.0,J2000,0.8840,2.202,0.255,21.14,197.53,193.41,215.32,4.15,0.3015,2461480.31,2027-03-15.8,3.27,91.7,1.33,2.93,1.3e-08,4.6e-09,2.9e-08,3.2e-06,8.1e-06,7.9e-06,5.0e-06,8.6e-09,9.4e-10,1.8e-05,3.7e-06,APO,Otto Matic,10981,1995-05-04,2025-05-27,1499,,,0,.48871,,,,,,,,,
20005836,  5836 (1993 MF),2.754,,19.070709700505226,5.966441676407436e+21,1.39e+03,0.18,5836,,Y,N,0,14.99,,,,,,,,0.156,4.9543,,,,,S,,,0.81,383,2461000.5,61000,2025-11-21.0,J2000,0.5383,2.439,1.126,7.93,238.59,78.15,162.94,3.75,0.2588,2460370.82,2024-03-01.3,3.81,69.9,1.7,3.28,1.7e-09,1.4e-09,4.1e-09,1.3e-07,1.6e-06,1.5e-06,6.3e-07,2.1e-09,2.2e-10,2.0e-06,1.2e-06,AMO,Otto Matic,15979,1981-04-26,2025-01-24,2340,,,0,.49987,,,,,,,,,
20086039, 86039 (1999 NC43),2.22,,22.450003937095,4.3309348201850806e+21,853,0.025,86039,,Y,Y,0,15.95,,,,,,,,0.14,122.2,,,,,Q,,,,JPL 333,2461000.5,61000,2025-11-21.0,J2000,0.5789,1.76,0.741,7.13,311.62,120.82,26.21,2.78,0.4222,2460938.43,2025-09-19.9,2.33,9.74,2.58,3.9,3.3e-08,1.8e-09,5.8e-08,4.4e-06,2.7e-05,2.7e-05,4.2e-06,2.9e-09,6.6e-10,9.9e-06,1.3e-06,APO,Otto Matic,9608,1999-06-11,2025-09-30,1724,,,0,.42191,,,,,,,,,
20066146, 66146 (1998 TU3),2.864,,33.56197226595871,2.0782791020877256e+22,255,0.0738,66146,,Y,N,0,14.36,,,,,,,,0.224,2.375,,,,,,,,1.17,450,2461000.5,61000,2025-11-21.0,J2000,0.4837,0.7875,0.407,5.42,101.88,84.99,74.77,1.17,1.41,2460947.48,2025-09-28.9,0.699,28.7,3.79,7.29,2.9e-09,1.8e-10,2.2e-09,4.8e-08,9.0e-07,1.0e-06,2.2e-06,2.6e-10,4.7e-10,1.6e-06,8.5e-08,ATE,Otto Matic,15321,1982-12-04,2024-11-14,2384,,,0,.37209,,,,,,,,,
